{
  "name": "angular-sanitize",
  "version": "1.5.9",
  "license": "MIT",
  "main": "./angular-sanitize.js",
  "ignore": [],
  "dependencies": {
    "angular": "1.5.9"
  },
  "homepage": "https://github.com/angular/bower-angular-sanitize",
  "_release": "1.5.9",
  "_resolution": {
    "type": "version",
    "tag": "v1.5.9",
    "commit": "935bad867e89ec35f1cd6d93a4f779848bc6fa33"
  },
  "_source": "https://github.com/angular/bower-angular-sanitize.git",
  "_target": "^1.5.8",
  "_originalSource": "angular-sanitize"
}